-- UNIVERSIDADE

INSERT INTO UNIVERSIDADE VALUES('CAASO', 'USP - Sao Carlos', 1);
INSERT INTO UNIVERSIDADE VALUES('UFSCAR', 'UFSCAR', 2);
INSERT INTO UNIVERSIDADE VALUES('POLI', 'USP - Poli', 3);
INSERT INTO UNIVERSIDADE VALUES('EESC', 'USP - EESC', 4);
INSERT INTO UNIVERSIDADE VALUES('UNICAMP', 'UNICAMP', 5);

-- ARBITRO

INSERT INTO ARBITRO VALUES('000.000.000-00', 'Arbitro A');
INSERT INTO ARBITRO VALUES('000.000.000-01', 'Arbitro B');
INSERT INTO ARBITRO VALUES('000.000.000-02', 'Arbitro C');
INSERT INTO ARBITRO VALUES('000.000.000-03', 'Arbitro D');

-- ESPORTE

INSERT INTO ESPORTE VALUES('FUTEBOL', 'BOLA,BANDEIRA');
INSERT INTO ESPORTE VALUES('HANDBOLL', 'BOLA DE HANDBOLL,BANDEIRA');
INSERT INTO ESPORTE VALUES('BASQUETE', 'BOLA DE BASQUETE,BANDEIRA');

-- TIME

INSERT INTO TIME VALUES('CA100', 'CAASO', 'FUTEBOL', 'M', 'RUA CAASO', 1, 11, 'http://linkpraimagem.com', 'Hotel Ibis');
INSERT INTO TIME VALUES('CA101', 'CAASO', 'HANDBOLL', 'M', 'RUA CAASO', 1, 8, 'http://linkpraimagem.com', 'Hotel Ibis');
INSERT INTO TIME VALUES('CA102', 'CAASO', 'BASQUETE', 'M', 'RUA CAASO', 1, 8, 'http://linkpraimagem.com', 'Hotel Ibis');
INSERT INTO TIME VALUES('CA200', 'CAASO', 'FUTEBOL', 'F', 'RUA CAASO', 1, 11, 'http://linkpraimagem.com', 'Hotel Ibis');
INSERT INTO TIME VALUES('CA201', 'CAASO', 'HANDBOLL', 'F', 'RUA CAASO', 1, 8, 'http://linkpraimagem.com', 'Hotel Ibis');
INSERT INTO TIME VALUES('CA202', 'CAASO', 'BASQUETE', 'F', 'RUA CAASO', 1, 8, 'http://linkpraimagem.com', 'Hotel Ibis');

INSERT INTO TIME VALUES('FE100', 'UFSCAR', 'FUTEBOL', 'M', 'RUA FEDERAL', 2, 11, 'http://linkpraimagem.com', 'Hotel Indaia');
INSERT INTO TIME VALUES('FE200', 'UFSCAR', 'FUTEBOL', 'F', 'RUA FEDERAL', 2, 11, 'http://linkpraimagem.com', 'Hotel Indaia');
INSERT INTO TIME VALUES('FE101', 'UFSCAR', 'HANDBOLL', 'M', 'RUA FEDERAL', 2, 8, 'http://linkpraimagem.com', 'Hotel Indaia');
INSERT INTO TIME VALUES('FE201', 'UFSCAR', 'HANDBOLL', 'F', 'RUA FEDERAL', 2, 8, 'http://linkpraimagem.com', 'Hotel Indaia');
INSERT INTO TIME VALUES('FE102', 'UFSCAR', 'BASQUETE', 'M', 'RUA FEDERAL', 2, 8, 'http://linkpraimagem.com', 'Hotel Indaia');
INSERT INTO TIME VALUES('FE202', 'UFSCAR', 'BASQUETE', 'F', 'RUA FEDERAL', 2, 8, 'http://linkpraimagem.com', 'Hotel Indaia');

--PARTIDA

INSERT INTO PARTIDA VALUES('CA100','FE100','2018-10-11','2X1','16:00','000.000.000-00');
INSERT INTO PARTIDA VALUES('CA101','FE101','2018-10-11','21X11','18:00','000.000.000-01');
INSERT INTO PARTIDA VALUES('CA102','FE102','2018-10-11','80X40','20:00','000.000.000-02');
INSERT INTO PARTIDA VALUES('CA200','FE200','2018-10-11','5X1','22:00','000.000.000-03');
INSERT INTO PARTIDA VALUES('CA201','FE201','2018-10-12','30X10','00:00','000.000.000-00');

-- JOGADORES

INSERT INTO JOGADOR VALUES('123.456.789-00','AAA','01','F');
INSERT INTO JOGADOR VALUES('123.456.789-01','AAB','02','F');
INSERT INTO JOGADOR VALUES('123.456.789-02','AAC','03','F');
INSERT INTO JOGADOR VALUES('123.456.789-03','AAD','04','F');
INSERT INTO JOGADOR VALUES('123.456.789-04','AAE','05','F');
INSERT INTO JOGADOR VALUES('123.456.789-50','EEA','01','M');
INSERT INTO JOGADOR VALUES('123.456.789-51','EEB','02','M');
INSERT INTO JOGADOR VALUES('123.456.789-52','EEC','03','M');
INSERT INTO JOGADOR VALUES('123.456.789-53','EED','04','M');
INSERT INTO JOGADOR VALUES('123.456.789-54','EEE','05','M');

-- PARTICIPACAO

INSERT INTO PARTICIPACAO VALUES('2018-01-01','CA201','123.456.789-00','01','ATAQUE');
INSERT INTO PARTICIPACAO VALUES('2018-01-01','CA201','123.456.789-01','02','GOLEIRO');
INSERT INTO PARTICIPACAO VALUES('2018-01-01','FE201','123.456.789-02','03','DEFESA');
INSERT INTO PARTICIPACAO VALUES('2018-01-01','FE201','123.456.789-03','04','ATAQUE');
INSERT INTO PARTICIPACAO VALUES('2018-01-01','FE201','123.456.789-04','05','GOLEIRO');
INSERT INTO PARTICIPACAO VALUES('2018-01-01','CA101','123.456.789-50','01','ATAQUE');
INSERT INTO PARTICIPACAO VALUES('2018-01-01','CA101','123.456.789-51','02','DEFESA');
INSERT INTO PARTICIPACAO VALUES('2018-01-01','CA101','123.456.789-52','03','GOLEIRO');
INSERT INTO PARTICIPACAO VALUES('2018-01-01','FE101','123.456.789-53','04','ATAQUE');
INSERT INTO PARTICIPACAO VALUES('2018-01-01','FE101','123.456.789-54','05','GOLEIRO');



